ND169	174	530	ND-1	region	-	1	0
ND169	174	530	ND-1	region	-	2	0
ND169	174	530	ND-1	region	-	3	0
ND169	174	530	ND-1	region	-	4	1
ND169	174	530	ND-1	region	-	5	1
ND169	174	530	ND-1	region	-	6	1
ND169	174	530	ND-1	region	-	7	1
ND169	174	530	ND-1	region	-	8	1
ND169	174	530	ND-1	region	-	9	1
ND169	174	530	ND-1	region	-	10	1
ND169	174	530	ND-1	region	-	11	1
ND169	174	530	ND-1	region	-	12	1
ND169	174	530	ND-1	region	-	13	1
ND169	174	530	ND-1	region	-	14	1
ND169	174	530	ND-1	region	-	15	1
ND169	174	530	ND-1	region	-	16	1
ND169	174	530	ND-1	region	-	17	1
ND169	174	530	ND-1	region	-	18	1
ND169	174	530	ND-1	region	-	19	1
ND169	174	530	ND-1	region	-	20	1
ND169	174	530	ND-1	region	-	21	1
ND169	174	530	ND-1	region	-	22	1
ND169	174	530	ND-1	region	-	23	1
ND169	174	530	ND-1	region	-	24	1
ND169	174	530	ND-1	region	-	25	1
ND169	174	530	ND-1	region	-	26	1
ND169	174	530	ND-1	region	-	27	0
ND169	174	530	ND-1	region	-	28	0
ND169	174	530	ND-1	region	-	29	0
ND169	174	530	ND-1	region	-	30	0
ND169	174	530	ND-1	region	-	31	0
ND169	174	530	ND-1	region	-	32	0
ND169	174	530	ND-1	region	-	33	0
ND169	174	530	ND-1	region	-	34	0
ND169	174	530	ND-1	region	-	35	0
ND169	174	530	ND-1	region	-	36	0
ND169	174	530	ND-1	region	-	37	0
ND169	174	530	ND-1	region	-	38	0
ND169	174	530	ND-1	region	-	39	0
ND169	174	530	ND-1	region	-	40	0
ND169	174	530	ND-1	region	-	41	0
ND169	174	530	ND-1	region	-	42	0
ND169	174	530	ND-1	region	-	43	0
ND169	174	530	ND-1	region	-	44	0
ND169	174	530	ND-1	region	-	45	0
ND169	174	530	ND-1	region	-	46	0
ND169	174	530	ND-1	region	-	47	0
ND169	174	530	ND-1	region	-	48	0
ND169	174	530	ND-1	region	-	49	0
ND169	174	530	ND-1	region	-	50	0
ND169	174	530	ND-1	region	-	51	0
ND169	174	530	ND-1	region	-	52	0
ND169	174	530	ND-1	region	-	53	0
ND169	174	530	ND-1	region	-	54	0
ND169	174	530	ND-1	region	-	55	0
ND169	174	530	ND-1	region	-	56	0
ND169	174	530	ND-1	region	-	57	0
ND169	174	530	ND-1	region	-	58	0
ND169	174	530	ND-1	region	-	59	0
ND169	174	530	ND-1	region	-	60	0
ND169	174	530	ND-1	region	-	61	0
ND169	174	530	ND-1	region	-	62	0
ND169	174	530	ND-1	region	-	63	0
ND169	174	530	ND-1	region	-	64	0
ND169	174	530	ND-1	region	-	65	0
ND169	174	530	ND-1	region	-	66	0
ND169	174	530	ND-1	region	-	67	0
ND169	174	530	ND-1	region	-	68	0
ND169	174	530	ND-1	region	-	69	0
ND169	174	530	ND-1	region	-	70	0
ND169	174	530	ND-1	region	-	71	0
ND169	174	530	ND-1	region	-	72	0
ND169	174	530	ND-1	region	-	73	0
ND169	174	530	ND-1	region	-	74	0
ND169	174	530	ND-1	region	-	75	0
ND169	174	530	ND-1	region	-	76	0
ND169	174	530	ND-1	region	-	77	0
ND169	174	530	ND-1	region	-	78	0
ND169	174	530	ND-1	region	-	79	0
ND169	174	530	ND-1	region	-	80	0
ND169	174	530	ND-1	region	-	81	0
ND169	174	530	ND-1	region	-	82	0
ND169	174	530	ND-1	region	-	83	0
ND169	174	530	ND-1	region	-	84	0
ND169	174	530	ND-1	region	-	85	0
ND169	174	530	ND-1	region	-	86	0
ND169	174	530	ND-1	region	-	87	0
ND169	174	530	ND-1	region	-	88	0
ND169	174	530	ND-1	region	-	89	0
ND169	174	530	ND-1	region	-	90	0
ND169	174	530	ND-1	region	-	91	0
ND169	174	530	ND-1	region	-	92	0
ND169	174	530	ND-1	region	-	93	0
ND169	174	530	ND-1	region	-	94	0
ND169	174	530	ND-1	region	-	95	0
ND169	174	530	ND-1	region	-	96	0
ND169	174	530	ND-1	region	-	97	0
ND169	174	530	ND-1	region	-	98	0
ND169	174	530	ND-1	region	-	99	0
ND169	174	530	ND-1	region	-	100	0
ND169	174	530	ND-1	region	-	101	0
ND169	174	530	ND-1	region	-	102	0
ND169	174	530	ND-1	region	-	103	0
ND169	174	530	ND-1	region	-	104	0
ND169	174	530	ND-1	region	-	105	0
ND169	174	530	ND-1	region	-	106	0
ND169	174	530	ND-1	region	-	107	0
ND169	174	530	ND-1	region	-	108	0
ND169	174	530	ND-1	region	-	109	0
ND169	174	530	ND-1	region	-	110	0
ND169	174	530	ND-1	region	-	111	0
ND169	174	530	ND-1	region	-	112	0
ND169	174	530	ND-1	region	-	113	0
ND169	174	530	ND-1	region	-	114	0
ND169	174	530	ND-1	region	-	115	0
ND169	174	530	ND-1	region	-	116	0
ND169	174	530	ND-1	region	-	117	0
ND169	174	530	ND-1	region	-	118	0
ND169	174	530	ND-1	region	-	119	0
ND169	174	530	ND-1	region	-	120	0
ND169	174	530	ND-1	region	-	121	0
ND169	174	530	ND-1	region	-	122	0
ND169	174	530	ND-1	region	-	123	0
ND169	174	530	ND-1	region	-	124	0
ND169	174	530	ND-1	region	-	125	0
ND169	174	530	ND-1	region	-	126	0
ND169	174	530	ND-1	region	-	127	1
ND169	174	530	ND-1	region	-	128	1
ND169	174	530	ND-1	region	-	129	1
ND169	174	530	ND-1	region	-	130	2
ND169	174	530	ND-1	region	-	131	2
ND169	174	530	ND-1	region	-	132	3
ND169	174	530	ND-1	region	-	133	3
ND169	174	530	ND-1	region	-	134	3
ND169	174	530	ND-1	region	-	135	3
ND169	174	530	ND-1	region	-	136	3
ND169	174	530	ND-1	region	-	137	3
ND169	174	530	ND-1	region	-	138	3
ND169	174	530	ND-1	region	-	139	3
ND169	174	530	ND-1	region	-	140	4
ND169	174	530	ND-1	region	-	141	4
ND169	174	530	ND-1	region	-	142	4
ND169	174	530	ND-1	region	-	143	4
ND169	174	530	ND-1	region	-	144	4
ND169	174	530	ND-1	region	-	145	4
ND169	174	530	ND-1	region	-	146	5
ND169	174	530	ND-1	region	-	147	5
ND169	174	530	ND-1	region	-	148	5
ND169	174	530	ND-1	region	-	149	5
ND169	174	530	ND-1	region	-	150	4
ND169	174	530	ND-1	region	-	151	4
ND169	174	530	ND-1	region	-	152	4
ND169	174	530	ND-1	region	-	153	3
ND169	174	530	ND-1	region	-	154	3
ND169	174	530	ND-1	region	-	155	2
ND169	174	530	ND-1	region	-	156	2
ND169	174	530	ND-1	region	-	157	2
ND169	174	530	ND-1	region	-	158	2
ND169	174	530	ND-1	region	-	159	2
ND169	174	530	ND-1	region	-	160	2
ND169	174	530	ND-1	region	-	161	2
ND169	174	530	ND-1	region	-	162	1
ND169	174	530	ND-1	region	-	163	1
ND169	174	530	ND-1	region	-	164	1
ND169	174	530	ND-1	region	-	165	1
ND169	174	530	ND-1	region	-	166	1
ND169	174	530	ND-1	region	-	167	1
ND169	174	530	ND-1	region	-	168	1
ND169	174	530	ND-1	region	-	169	1
ND169	174	530	ND-1	region	-	170	0
ND169	174	530	ND-1	region	-	171	0
ND169	174	530	ND-1	region	-	172	0
ND169	174	530	ND-1	region	-	173	0
ND169	174	530	ND-1	region	-	174	0
ND169	174	530	ND-1	region	-	175	0
ND169	174	530	ND-1	region	-	176	0
ND169	174	530	ND-1	region	-	177	0
ND169	174	530	ND-1	region	-	178	1
ND169	174	530	ND-1	region	-	179	1
ND169	174	530	ND-1	region	-	180	1
ND169	174	530	ND-1	region	-	181	1
ND169	174	530	ND-1	region	-	182	1
ND169	174	530	ND-1	region	-	183	1
ND169	174	530	ND-1	region	-	184	1
ND169	174	530	ND-1	region	-	185	1
ND169	174	530	ND-1	region	-	186	1
ND169	174	530	ND-1	region	-	187	1
ND169	174	530	ND-1	region	-	188	1
ND169	174	530	ND-1	region	-	189	1
ND169	174	530	ND-1	region	-	190	1
ND169	174	530	ND-1	region	-	191	1
ND169	174	530	ND-1	region	-	192	1
ND169	174	530	ND-1	region	-	193	1
ND169	174	530	ND-1	region	-	194	1
ND169	174	530	ND-1	region	-	195	1
ND169	174	530	ND-1	region	-	196	1
ND169	174	530	ND-1	region	-	197	1
ND169	174	530	ND-1	region	-	198	1
ND169	174	530	ND-1	region	-	199	1
ND169	174	530	ND-1	region	-	200	1
ND169	174	530	ND-1	region	-	201	0
ND169	174	530	ND-1	region	-	202	0
ND169	174	530	ND-1	region	-	203	0
ND169	174	530	ND-1	region	-	204	1
ND169	174	530	ND-1	region	-	205	1
ND169	174	530	ND-1	region	-	206	1
ND169	174	530	ND-1	region	-	207	1
ND169	174	530	ND-1	region	-	208	1
ND169	174	530	ND-1	region	-	209	1
ND169	174	530	ND-1	region	-	210	1
ND169	174	530	ND-1	region	-	211	2
ND169	174	530	ND-1	region	-	212	2
ND169	174	530	ND-1	region	-	213	2
ND169	174	530	ND-1	region	-	214	2
ND169	174	530	ND-1	region	-	215	2
ND169	174	530	ND-1	region	-	216	2
ND169	174	530	ND-1	region	-	217	2
ND169	174	530	ND-1	region	-	218	2
ND169	174	530	ND-1	region	-	219	2
ND169	174	530	ND-1	region	-	220	2
ND169	174	530	ND-1	region	-	221	2
ND169	174	530	ND-1	region	-	222	2
ND169	174	530	ND-1	region	-	223	2
ND169	174	530	ND-1	region	-	224	2
ND169	174	530	ND-1	region	-	225	2
ND169	174	530	ND-1	region	-	226	2
ND169	174	530	ND-1	region	-	227	1
ND169	174	530	ND-1	region	-	228	1
ND169	174	530	ND-1	region	-	229	1
ND169	174	530	ND-1	region	-	230	1
ND169	174	530	ND-1	region	-	231	1
ND169	174	530	ND-1	region	-	232	1
ND169	174	530	ND-1	region	-	233	1
ND169	174	530	ND-1	region	-	234	1
ND169	174	530	ND-1	region	-	235	0
ND169	174	530	ND-1	region	-	236	0
ND169	174	530	ND-1	region	-	237	0
ND169	174	530	ND-1	region	-	238	0
ND169	174	530	ND-1	region	-	239	0
ND169	174	530	ND-1	region	-	240	0
ND169	174	530	ND-1	region	-	241	0
ND169	174	530	ND-1	region	-	242	0
ND169	174	530	ND-1	region	-	243	0
ND169	174	530	ND-1	region	-	244	0
ND169	174	530	ND-1	region	-	245	0
ND169	174	530	ND-1	region	-	246	0
ND169	174	530	ND-1	region	-	247	0
ND169	174	530	ND-1	region	-	248	0
ND169	174	530	ND-1	region	-	249	0
ND169	174	530	ND-1	region	-	250	0
ND169	174	530	ND-1	region	-	251	0
ND169	174	530	ND-1	region	-	252	0
ND169	174	530	ND-1	region	-	253	0
ND169	174	530	ND-1	region	-	254	0
ND169	174	530	ND-1	region	-	255	0
ND169	174	530	ND-1	region	-	256	0
ND169	174	530	ND-1	region	-	257	0
ND169	174	530	ND-1	region	-	258	0
ND169	174	530	ND-1	region	-	259	0
ND169	174	530	ND-1	region	-	260	0
ND169	174	530	ND-1	region	-	261	0
ND169	174	530	ND-1	region	-	262	0
ND169	174	530	ND-1	region	-	263	0
ND169	174	530	ND-1	region	-	264	0
ND169	174	530	ND-1	region	-	265	0
ND169	174	530	ND-1	region	-	266	0
ND169	174	530	ND-1	region	-	267	0
ND169	174	530	ND-1	region	-	268	0
ND169	174	530	ND-1	region	-	269	0
ND169	174	530	ND-1	region	-	270	0
ND169	174	530	ND-1	region	-	271	0
ND169	174	530	ND-1	region	-	272	0
ND169	174	530	ND-1	region	-	273	1
ND169	174	530	ND-1	region	-	274	1
ND169	174	530	ND-1	region	-	275	1
ND169	174	530	ND-1	region	-	276	1
ND169	174	530	ND-1	region	-	277	1
ND169	174	530	ND-1	region	-	278	1
ND169	174	530	ND-1	region	-	279	1
ND169	174	530	ND-1	region	-	280	2
ND169	174	530	ND-1	region	-	281	2
ND169	174	530	ND-1	region	-	282	2
ND169	174	530	ND-1	region	-	283	2
ND169	174	530	ND-1	region	-	284	2
ND169	174	530	ND-1	region	-	285	2
ND169	174	530	ND-1	region	-	286	2
ND169	174	530	ND-1	region	-	287	2
ND169	174	530	ND-1	region	-	288	2
ND169	174	530	ND-1	region	-	289	2
ND169	174	530	ND-1	region	-	290	2
ND169	174	530	ND-1	region	-	291	2
ND169	174	530	ND-1	region	-	292	2
ND169	174	530	ND-1	region	-	293	2
ND169	174	530	ND-1	region	-	294	2
ND169	174	530	ND-1	region	-	295	2
ND169	174	530	ND-1	region	-	296	1
ND169	174	530	ND-1	region	-	297	1
ND169	174	530	ND-1	region	-	298	1
ND169	174	530	ND-1	region	-	299	1
ND169	174	530	ND-1	region	-	300	1
ND169	174	530	ND-1	region	-	301	1
ND169	174	530	ND-1	region	-	302	0
ND169	174	530	ND-1	region	-	303	0
ND169	174	530	ND-1	region	-	304	0
ND169	174	530	ND-1	region	-	305	0
ND169	174	530	ND-1	region	-	306	0
ND169	174	530	ND-1	region	-	307	0
ND169	174	530	ND-1	region	-	308	0
ND169	174	530	ND-1	region	-	309	0
ND169	174	530	ND-1	region	-	310	0
ND169	174	530	ND-1	region	-	311	0
ND169	174	530	ND-1	region	-	312	0
ND169	174	530	ND-1	region	-	313	0
ND169	174	530	ND-1	region	-	314	0
ND169	174	530	ND-1	region	-	315	0
ND169	174	530	ND-1	region	-	316	0
ND169	174	530	ND-1	region	-	317	0
ND169	174	530	ND-1	region	-	318	0
ND169	174	530	ND-1	region	-	319	2
ND169	174	530	ND-1	region	-	320	2
ND169	174	530	ND-1	region	-	321	2
ND169	174	530	ND-1	region	-	322	2
ND169	174	530	ND-1	region	-	323	2
ND169	174	530	ND-1	region	-	324	2
ND169	174	530	ND-1	region	-	325	2
ND169	174	530	ND-1	region	-	326	3
ND169	174	530	ND-1	region	-	327	3
ND169	174	530	ND-1	region	-	328	3
ND169	174	530	ND-1	region	-	329	3
ND169	174	530	ND-1	region	-	330	3
ND169	174	530	ND-1	region	-	331	3
ND169	174	530	ND-1	region	-	332	3
ND169	174	530	ND-1	region	-	333	3
ND169	174	530	ND-1	region	-	334	3
ND169	174	530	ND-1	region	-	335	3
ND169	174	530	ND-1	region	-	336	3
ND169	174	530	ND-1	region	-	337	3
ND169	174	530	ND-1	region	-	338	3
ND169	174	530	ND-1	region	-	339	3
ND169	174	530	ND-1	region	-	340	3
ND169	174	530	ND-1	region	-	341	3
ND169	174	530	ND-1	region	-	342	1
ND169	174	530	ND-1	region	-	343	1
ND169	174	530	ND-1	region	-	344	1
ND169	174	530	ND-1	region	-	345	1
ND169	174	530	ND-1	region	-	346	1
ND169	174	530	ND-1	region	-	347	1
ND169	174	530	ND-1	region	-	348	0
ND169	174	530	ND-1	region	-	349	0
ND169	174	530	ND-1	region	-	350	0
ND169	174	530	ND-1	region	-	351	0
ND169	174	530	ND-1	region	-	352	0
ND169	174	530	ND-1	region	-	353	1
ND169	174	530	ND-1	region	-	354	1
ND169	174	530	ND-1	region	-	355	2
ND169	174	530	ND-1	region	-	356	4
ND169	1	173	NDgene	region	+	1	0
ND169	1	173	NDgene	region	+	2	0
ND169	1	173	NDgene	region	+	3	0
ND169	1	173	NDgene	region	+	4	0
ND169	1	173	NDgene	region	+	5	0
ND169	1	173	NDgene	region	+	6	0
ND169	1	173	NDgene	region	+	7	0
ND169	1	173	NDgene	region	+	8	0
ND169	1	173	NDgene	region	+	9	0
ND169	1	173	NDgene	region	+	10	0
ND169	1	173	NDgene	region	+	11	0
ND169	1	173	NDgene	region	+	12	0
ND169	1	173	NDgene	region	+	13	0
ND169	1	173	NDgene	region	+	14	0
ND169	1	173	NDgene	region	+	15	0
ND169	1	173	NDgene	region	+	16	0
ND169	1	173	NDgene	region	+	17	0
ND169	1	173	NDgene	region	+	18	0
ND169	1	173	NDgene	region	+	19	0
ND169	1	173	NDgene	region	+	20	0
ND169	1	173	NDgene	region	+	21	0
ND169	1	173	NDgene	region	+	22	0
ND169	1	173	NDgene	region	+	23	0
ND169	1	173	NDgene	region	+	24	0
ND169	1	173	NDgene	region	+	25	0
ND169	1	173	NDgene	region	+	26	0
ND169	1	173	NDgene	region	+	27	0
ND169	1	173	NDgene	region	+	28	0
ND169	1	173	NDgene	region	+	29	0
ND169	1	173	NDgene	region	+	30	0
ND169	1	173	NDgene	region	+	31	0
ND169	1	173	NDgene	region	+	32	0
ND169	1	173	NDgene	region	+	33	0
ND169	1	173	NDgene	region	+	34	0
ND169	1	173	NDgene	region	+	35	0
ND169	1	173	NDgene	region	+	36	0
ND169	1	173	NDgene	region	+	37	0
ND169	1	173	NDgene	region	+	38	0
ND169	1	173	NDgene	region	+	39	2
ND169	1	173	NDgene	region	+	40	5
ND169	1	173	NDgene	region	+	41	6
ND169	1	173	NDgene	region	+	42	6
ND169	1	173	NDgene	region	+	43	8
ND169	1	173	NDgene	region	+	44	8
ND169	1	173	NDgene	region	+	45	8
ND169	1	173	NDgene	region	+	46	8
ND169	1	173	NDgene	region	+	47	8
ND169	1	173	NDgene	region	+	48	8
ND169	1	173	NDgene	region	+	49	8
ND169	1	173	NDgene	region	+	50	8
ND169	1	173	NDgene	region	+	51	8
ND169	1	173	NDgene	region	+	52	8
ND169	1	173	NDgene	region	+	53	8
ND169	1	173	NDgene	region	+	54	8
ND169	1	173	NDgene	region	+	55	8
ND169	1	173	NDgene	region	+	56	8
ND169	1	173	NDgene	region	+	57	8
ND169	1	173	NDgene	region	+	58	8
ND169	1	173	NDgene	region	+	59	8
ND169	1	173	NDgene	region	+	60	8
ND169	1	173	NDgene	region	+	61	8
ND169	1	173	NDgene	region	+	62	5
ND169	1	173	NDgene	region	+	63	3
ND169	1	173	NDgene	region	+	64	2
ND169	1	173	NDgene	region	+	65	2
ND169	1	173	NDgene	region	+	66	0
ND169	1	173	NDgene	region	+	67	0
ND169	1	173	NDgene	region	+	68	0
ND169	1	173	NDgene	region	+	69	0
ND169	1	173	NDgene	region	+	70	0
ND169	1	173	NDgene	region	+	71	0
ND169	1	173	NDgene	region	+	72	0
ND169	1	173	NDgene	region	+	73	0
ND169	1	173	NDgene	region	+	74	0
ND169	1	173	NDgene	region	+	75	0
ND169	1	173	NDgene	region	+	76	0
ND169	1	173	NDgene	region	+	77	0
ND169	1	173	NDgene	region	+	78	0
ND169	1	173	NDgene	region	+	79	0
ND169	1	173	NDgene	region	+	80	0
ND169	1	173	NDgene	region	+	81	0
ND169	1	173	NDgene	region	+	82	0
ND169	1	173	NDgene	region	+	83	0
ND169	1	173	NDgene	region	+	84	0
ND169	1	173	NDgene	region	+	85	0
ND169	1	173	NDgene	region	+	86	0
ND169	1	173	NDgene	region	+	87	0
ND169	1	173	NDgene	region	+	88	0
ND169	1	173	NDgene	region	+	89	0
ND169	1	173	NDgene	region	+	90	0
ND169	1	173	NDgene	region	+	91	0
ND169	1	173	NDgene	region	+	92	0
ND169	1	173	NDgene	region	+	93	0
ND169	1	173	NDgene	region	+	94	0
ND169	1	173	NDgene	region	+	95	0
ND169	1	173	NDgene	region	+	96	0
ND169	1	173	NDgene	region	+	97	0
ND169	1	173	NDgene	region	+	98	0
ND169	1	173	NDgene	region	+	99	0
ND169	1	173	NDgene	region	+	100	0
ND169	1	173	NDgene	region	+	101	0
ND169	1	173	NDgene	region	+	102	0
ND169	1	173	NDgene	region	+	103	0
ND169	1	173	NDgene	region	+	104	0
ND169	1	173	NDgene	region	+	105	0
ND169	1	173	NDgene	region	+	106	0
ND169	1	173	NDgene	region	+	107	0
ND169	1	173	NDgene	region	+	108	0
ND169	1	173	NDgene	region	+	109	0
ND169	1	173	NDgene	region	+	110	0
ND169	1	173	NDgene	region	+	111	0
ND169	1	173	NDgene	region	+	112	0
ND169	1	173	NDgene	region	+	113	0
ND169	1	173	NDgene	region	+	114	0
ND169	1	173	NDgene	region	+	115	0
ND169	1	173	NDgene	region	+	116	0
ND169	1	173	NDgene	region	+	117	0
ND169	1	173	NDgene	region	+	118	0
ND169	1	173	NDgene	region	+	119	0
ND169	1	173	NDgene	region	+	120	0
ND169	1	173	NDgene	region	+	121	0
ND169	1	173	NDgene	region	+	122	0
ND169	1	173	NDgene	region	+	123	0
ND169	1	173	NDgene	region	+	124	0
ND169	1	173	NDgene	region	+	125	0
ND169	1	173	NDgene	region	+	126	0
ND169	1	173	NDgene	region	+	127	0
ND169	1	173	NDgene	region	+	128	0
ND169	1	173	NDgene	region	+	129	0
ND169	1	173	NDgene	region	+	130	0
ND169	1	173	NDgene	region	+	131	0
ND169	1	173	NDgene	region	+	132	0
ND169	1	173	NDgene	region	+	133	0
ND169	1	173	NDgene	region	+	134	0
ND169	1	173	NDgene	region	+	135	0
ND169	1	173	NDgene	region	+	136	1
ND169	1	173	NDgene	region	+	137	1
ND169	1	173	NDgene	region	+	138	2
ND169	1	173	NDgene	region	+	139	2
ND169	1	173	NDgene	region	+	140	2
ND169	1	173	NDgene	region	+	141	2
ND169	1	173	NDgene	region	+	142	2
ND169	1	173	NDgene	region	+	143	2
ND169	1	173	NDgene	region	+	144	2
ND169	1	173	NDgene	region	+	145	2
ND169	1	173	NDgene	region	+	146	2
ND169	1	173	NDgene	region	+	147	2
ND169	1	173	NDgene	region	+	148	2
ND169	1	173	NDgene	region	+	149	2
ND169	1	173	NDgene	region	+	150	2
ND169	1	173	NDgene	region	+	151	2
ND169	1	173	NDgene	region	+	152	2
ND169	1	173	NDgene	region	+	153	2
ND169	1	173	NDgene	region	+	154	2
ND169	1	173	NDgene	region	+	155	2
ND169	1	173	NDgene	region	+	156	2
ND169	1	173	NDgene	region	+	157	2
ND169	1	173	NDgene	region	+	158	2
ND169	1	173	NDgene	region	+	159	1
ND169	1	173	NDgene	region	+	160	0
ND169	1	173	NDgene	region	+	161	0
ND169	1	173	NDgene	region	+	162	0
ND169	1	173	NDgene	region	+	163	0
ND169	1	173	NDgene	region	+	164	0
ND169	1	173	NDgene	region	+	165	0
ND169	1	173	NDgene	region	+	166	0
ND169	1	173	NDgene	region	+	167	0
ND169	1	173	NDgene	region	+	168	0
ND169	1	173	NDgene	region	+	169	0
ND169	1	173	NDgene	region	+	170	0
ND169	1	173	NDgene	region	+	171	0
ND169	1	173	NDgene	region	+	172	0
ND169	531	1651	NDgene	region	+	1	1
ND169	531	1651	NDgene	region	+	2	2
ND169	531	1651	NDgene	region	+	3	3
ND169	531	1651	NDgene	region	+	4	3
ND169	531	1651	NDgene	region	+	5	3
ND169	531	1651	NDgene	region	+	6	3
ND169	531	1651	NDgene	region	+	7	3
ND169	531	1651	NDgene	region	+	8	3
ND169	531	1651	NDgene	region	+	9	3
ND169	531	1651	NDgene	region	+	10	3
ND169	531	1651	NDgene	region	+	11	3
ND169	531	1651	NDgene	region	+	12	3
ND169	531	1651	NDgene	region	+	13	3
ND169	531	1651	NDgene	region	+	14	3
ND169	531	1651	NDgene	region	+	15	3
ND169	531	1651	NDgene	region	+	16	3
ND169	531	1651	NDgene	region	+	17	3
ND169	531	1651	NDgene	region	+	18	3
ND169	531	1651	NDgene	region	+	19	3
ND169	531	1651	NDgene	region	+	20	3
ND169	531	1651	NDgene	region	+	21	3
ND169	531	1651	NDgene	region	+	22	3
ND169	531	1651	NDgene	region	+	23	2
ND169	531	1651	NDgene	region	+	24	2
ND169	531	1651	NDgene	region	+	25	1
ND169	531	1651	NDgene	region	+	26	0
ND169	531	1651	NDgene	region	+	27	0
ND169	531	1651	NDgene	region	+	28	0
ND169	531	1651	NDgene	region	+	29	0
ND169	531	1651	NDgene	region	+	30	0
ND169	531	1651	NDgene	region	+	31	0
ND169	531	1651	NDgene	region	+	32	0
ND169	531	1651	NDgene	region	+	33	0
ND169	531	1651	NDgene	region	+	34	0
ND169	531	1651	NDgene	region	+	35	0
ND169	531	1651	NDgene	region	+	36	0
ND169	531	1651	NDgene	region	+	37	0
ND169	531	1651	NDgene	region	+	38	0
ND169	531	1651	NDgene	region	+	39	0
ND169	531	1651	NDgene	region	+	40	0
ND169	531	1651	NDgene	region	+	41	0
ND169	531	1651	NDgene	region	+	42	0
ND169	531	1651	NDgene	region	+	43	0
ND169	531	1651	NDgene	region	+	44	0
ND169	531	1651	NDgene	region	+	45	0
ND169	531	1651	NDgene	region	+	46	0
ND169	531	1651	NDgene	region	+	47	0
ND169	531	1651	NDgene	region	+	48	0
ND169	531	1651	NDgene	region	+	49	0
ND169	531	1651	NDgene	region	+	50	0
ND169	531	1651	NDgene	region	+	51	0
ND169	531	1651	NDgene	region	+	52	0
ND169	531	1651	NDgene	region	+	53	0
ND169	531	1651	NDgene	region	+	54	0
ND169	531	1651	NDgene	region	+	55	0
ND169	531	1651	NDgene	region	+	56	0
ND169	531	1651	NDgene	region	+	57	0
ND169	531	1651	NDgene	region	+	58	0
ND169	531	1651	NDgene	region	+	59	0
ND169	531	1651	NDgene	region	+	60	0
ND169	531	1651	NDgene	region	+	61	0
ND169	531	1651	NDgene	region	+	62	0
ND169	531	1651	NDgene	region	+	63	0
ND169	531	1651	NDgene	region	+	64	0
ND169	531	1651	NDgene	region	+	65	0
ND169	531	1651	NDgene	region	+	66	0
ND169	531	1651	NDgene	region	+	67	0
ND169	531	1651	NDgene	region	+	68	0
ND169	531	1651	NDgene	region	+	69	1
ND169	531	1651	NDgene	region	+	70	1
ND169	531	1651	NDgene	region	+	71	1
ND169	531	1651	NDgene	region	+	72	1
ND169	531	1651	NDgene	region	+	73	1
ND169	531	1651	NDgene	region	+	74	1
ND169	531	1651	NDgene	region	+	75	1
ND169	531	1651	NDgene	region	+	76	1
ND169	531	1651	NDgene	region	+	77	1
ND169	531	1651	NDgene	region	+	78	1
ND169	531	1651	NDgene	region	+	79	1
ND169	531	1651	NDgene	region	+	80	1
ND169	531	1651	NDgene	region	+	81	1
ND169	531	1651	NDgene	region	+	82	1
ND169	531	1651	NDgene	region	+	83	1
ND169	531	1651	NDgene	region	+	84	1
ND169	531	1651	NDgene	region	+	85	1
ND169	531	1651	NDgene	region	+	86	1
ND169	531	1651	NDgene	region	+	87	1
ND169	531	1651	NDgene	region	+	88	1
ND169	531	1651	NDgene	region	+	89	1
ND169	531	1651	NDgene	region	+	90	1
ND169	531	1651	NDgene	region	+	91	1
ND169	531	1651	NDgene	region	+	92	1
ND169	531	1651	NDgene	region	+	93	0
ND169	531	1651	NDgene	region	+	94	0
ND169	531	1651	NDgene	region	+	95	0
ND169	531	1651	NDgene	region	+	96	0
ND169	531	1651	NDgene	region	+	97	0
ND169	531	1651	NDgene	region	+	98	0
ND169	531	1651	NDgene	region	+	99	0
ND169	531	1651	NDgene	region	+	100	0
ND169	531	1651	NDgene	region	+	101	0
ND169	531	1651	NDgene	region	+	102	0
ND169	531	1651	NDgene	region	+	103	0
ND169	531	1651	NDgene	region	+	104	0
ND169	531	1651	NDgene	region	+	105	0
ND169	531	1651	NDgene	region	+	106	0
ND169	531	1651	NDgene	region	+	107	0
ND169	531	1651	NDgene	region	+	108	0
ND169	531	1651	NDgene	region	+	109	0
ND169	531	1651	NDgene	region	+	110	0
ND169	531	1651	NDgene	region	+	111	0
ND169	531	1651	NDgene	region	+	112	0
ND169	531	1651	NDgene	region	+	113	0
ND169	531	1651	NDgene	region	+	114	0
ND169	531	1651	NDgene	region	+	115	0
ND169	531	1651	NDgene	region	+	116	1
ND169	531	1651	NDgene	region	+	117	1
ND169	531	1651	NDgene	region	+	118	1
ND169	531	1651	NDgene	region	+	119	2
ND169	531	1651	NDgene	region	+	120	2
ND169	531	1651	NDgene	region	+	121	4
ND169	531	1651	NDgene	region	+	122	4
ND169	531	1651	NDgene	region	+	123	5
ND169	531	1651	NDgene	region	+	124	5
ND169	531	1651	NDgene	region	+	125	5
ND169	531	1651	NDgene	region	+	126	5
ND169	531	1651	NDgene	region	+	127	5
ND169	531	1651	NDgene	region	+	128	7
ND169	531	1651	NDgene	region	+	129	7
ND169	531	1651	NDgene	region	+	130	7
ND169	531	1651	NDgene	region	+	131	7
ND169	531	1651	NDgene	region	+	132	8
ND169	531	1651	NDgene	region	+	133	8
ND169	531	1651	NDgene	region	+	134	8
ND169	531	1651	NDgene	region	+	135	8
ND169	531	1651	NDgene	region	+	136	8
ND169	531	1651	NDgene	region	+	137	8
ND169	531	1651	NDgene	region	+	138	8
ND169	531	1651	NDgene	region	+	139	7
ND169	531	1651	NDgene	region	+	140	7
ND169	531	1651	NDgene	region	+	141	7
ND169	531	1651	NDgene	region	+	142	6
ND169	531	1651	NDgene	region	+	143	6
ND169	531	1651	NDgene	region	+	144	6
ND169	531	1651	NDgene	region	+	145	6
ND169	531	1651	NDgene	region	+	146	5
ND169	531	1651	NDgene	region	+	147	8
ND169	531	1651	NDgene	region	+	148	8
ND169	531	1651	NDgene	region	+	149	8
ND169	531	1651	NDgene	region	+	150	7
ND169	531	1651	NDgene	region	+	151	6
ND169	531	1651	NDgene	region	+	152	6
ND169	531	1651	NDgene	region	+	153	6
ND169	531	1651	NDgene	region	+	154	5
ND169	531	1651	NDgene	region	+	155	5
ND169	531	1651	NDgene	region	+	156	5
ND169	531	1651	NDgene	region	+	157	5
ND169	531	1651	NDgene	region	+	158	5
ND169	531	1651	NDgene	region	+	159	5
ND169	531	1651	NDgene	region	+	160	5
ND169	531	1651	NDgene	region	+	161	5
ND169	531	1651	NDgene	region	+	162	5
ND169	531	1651	NDgene	region	+	163	5
ND169	531	1651	NDgene	region	+	164	5
ND169	531	1651	NDgene	region	+	165	5
ND169	531	1651	NDgene	region	+	166	5
ND169	531	1651	NDgene	region	+	167	3
ND169	531	1651	NDgene	region	+	168	3
ND169	531	1651	NDgene	region	+	169	3
ND169	531	1651	NDgene	region	+	170	0
ND169	531	1651	NDgene	region	+	171	0
ND169	531	1651	NDgene	region	+	172	0
ND169	531	1651	NDgene	region	+	173	0
ND169	531	1651	NDgene	region	+	174	1
ND169	531	1651	NDgene	region	+	175	2
ND169	531	1651	NDgene	region	+	176	2
ND169	531	1651	NDgene	region	+	177	2
ND169	531	1651	NDgene	region	+	178	5
ND169	531	1651	NDgene	region	+	179	5
ND169	531	1651	NDgene	region	+	180	5
ND169	531	1651	NDgene	region	+	181	5
ND169	531	1651	NDgene	region	+	182	5
ND169	531	1651	NDgene	region	+	183	5
ND169	531	1651	NDgene	region	+	184	5
ND169	531	1651	NDgene	region	+	185	6
ND169	531	1651	NDgene	region	+	186	12
ND169	531	1651	NDgene	region	+	187	13
ND169	531	1651	NDgene	region	+	188	13
ND169	531	1651	NDgene	region	+	189	13
ND169	531	1651	NDgene	region	+	190	13
ND169	531	1651	NDgene	region	+	191	14
ND169	531	1651	NDgene	region	+	192	14
ND169	531	1651	NDgene	region	+	193	15
ND169	531	1651	NDgene	region	+	194	15
ND169	531	1651	NDgene	region	+	195	15
ND169	531	1651	NDgene	region	+	196	15
ND169	531	1651	NDgene	region	+	197	14
ND169	531	1651	NDgene	region	+	198	22
ND169	531	1651	NDgene	region	+	199	21
ND169	531	1651	NDgene	region	+	200	21
ND169	531	1651	NDgene	region	+	201	18
ND169	531	1651	NDgene	region	+	202	18
ND169	531	1651	NDgene	region	+	203	18
ND169	531	1651	NDgene	region	+	204	19
ND169	531	1651	NDgene	region	+	205	19
ND169	531	1651	NDgene	region	+	206	19
ND169	531	1651	NDgene	region	+	207	18
ND169	531	1651	NDgene	region	+	208	18
ND169	531	1651	NDgene	region	+	209	14
ND169	531	1651	NDgene	region	+	210	13
ND169	531	1651	NDgene	region	+	211	13
ND169	531	1651	NDgene	region	+	212	13
ND169	531	1651	NDgene	region	+	213	12
ND169	531	1651	NDgene	region	+	214	12
ND169	531	1651	NDgene	region	+	215	12
ND169	531	1651	NDgene	region	+	216	11
ND169	531	1651	NDgene	region	+	217	11
ND169	531	1651	NDgene	region	+	218	11
ND169	531	1651	NDgene	region	+	219	11
ND169	531	1651	NDgene	region	+	220	11
ND169	531	1651	NDgene	region	+	221	3
ND169	531	1651	NDgene	region	+	222	3
ND169	531	1651	NDgene	region	+	223	3
ND169	531	1651	NDgene	region	+	224	3
ND169	531	1651	NDgene	region	+	225	3
ND169	531	1651	NDgene	region	+	226	3
ND169	531	1651	NDgene	region	+	227	2
ND169	531	1651	NDgene	region	+	228	2
ND169	531	1651	NDgene	region	+	229	2
ND169	531	1651	NDgene	region	+	230	3
ND169	531	1651	NDgene	region	+	231	3
ND169	531	1651	NDgene	region	+	232	1
ND169	531	1651	NDgene	region	+	233	3
ND169	531	1651	NDgene	region	+	234	4
ND169	531	1651	NDgene	region	+	235	6
ND169	531	1651	NDgene	region	+	236	7
ND169	531	1651	NDgene	region	+	237	7
ND169	531	1651	NDgene	region	+	238	7
ND169	531	1651	NDgene	region	+	239	7
ND169	531	1651	NDgene	region	+	240	7
ND169	531	1651	NDgene	region	+	241	9
ND169	531	1651	NDgene	region	+	242	9
ND169	531	1651	NDgene	region	+	243	9
ND169	531	1651	NDgene	region	+	244	9
ND169	531	1651	NDgene	region	+	245	9
ND169	531	1651	NDgene	region	+	246	9
ND169	531	1651	NDgene	region	+	247	9
ND169	531	1651	NDgene	region	+	248	9
ND169	531	1651	NDgene	region	+	249	9
ND169	531	1651	NDgene	region	+	250	9
ND169	531	1651	NDgene	region	+	251	9
ND169	531	1651	NDgene	region	+	252	9
ND169	531	1651	NDgene	region	+	253	8
ND169	531	1651	NDgene	region	+	254	8
ND169	531	1651	NDgene	region	+	255	7
ND169	531	1651	NDgene	region	+	256	6
ND169	531	1651	NDgene	region	+	257	5
ND169	531	1651	NDgene	region	+	258	2
ND169	531	1651	NDgene	region	+	259	2
ND169	531	1651	NDgene	region	+	260	2
ND169	531	1651	NDgene	region	+	261	2
ND169	531	1651	NDgene	region	+	262	2
ND169	531	1651	NDgene	region	+	263	1
ND169	531	1651	NDgene	region	+	264	0
ND169	531	1651	NDgene	region	+	265	0
ND169	531	1651	NDgene	region	+	266	0
ND169	531	1651	NDgene	region	+	267	0
ND169	531	1651	NDgene	region	+	268	0
ND169	531	1651	NDgene	region	+	269	0
ND169	531	1651	NDgene	region	+	270	0
ND169	531	1651	NDgene	region	+	271	0
ND169	531	1651	NDgene	region	+	272	0
ND169	531	1651	NDgene	region	+	273	0
ND169	531	1651	NDgene	region	+	274	0
ND169	531	1651	NDgene	region	+	275	0
ND169	531	1651	NDgene	region	+	276	0
ND169	531	1651	NDgene	region	+	277	0
ND169	531	1651	NDgene	region	+	278	0
ND169	531	1651	NDgene	region	+	279	0
ND169	531	1651	NDgene	region	+	280	0
ND169	531	1651	NDgene	region	+	281	0
ND169	531	1651	NDgene	region	+	282	0
ND169	531	1651	NDgene	region	+	283	1
ND169	531	1651	NDgene	region	+	284	1
ND169	531	1651	NDgene	region	+	285	1
ND169	531	1651	NDgene	region	+	286	1
ND169	531	1651	NDgene	region	+	287	1
ND169	531	1651	NDgene	region	+	288	1
ND169	531	1651	NDgene	region	+	289	1
ND169	531	1651	NDgene	region	+	290	1
ND169	531	1651	NDgene	region	+	291	1
ND169	531	1651	NDgene	region	+	292	1
ND169	531	1651	NDgene	region	+	293	1
ND169	531	1651	NDgene	region	+	294	1
ND169	531	1651	NDgene	region	+	295	1
ND169	531	1651	NDgene	region	+	296	1
ND169	531	1651	NDgene	region	+	297	1
ND169	531	1651	NDgene	region	+	298	1
ND169	531	1651	NDgene	region	+	299	1
ND169	531	1651	NDgene	region	+	300	1
ND169	531	1651	NDgene	region	+	301	1
ND169	531	1651	NDgene	region	+	302	1
ND169	531	1651	NDgene	region	+	303	1
ND169	531	1651	NDgene	region	+	304	1
ND169	531	1651	NDgene	region	+	305	1
ND169	531	1651	NDgene	region	+	306	0
ND169	531	1651	NDgene	region	+	307	0
ND169	531	1651	NDgene	region	+	308	0
ND169	531	1651	NDgene	region	+	309	0
ND169	531	1651	NDgene	region	+	310	0
ND169	531	1651	NDgene	region	+	311	0
ND169	531	1651	NDgene	region	+	312	0
ND169	531	1651	NDgene	region	+	313	0
ND169	531	1651	NDgene	region	+	314	0
ND169	531	1651	NDgene	region	+	315	0
ND169	531	1651	NDgene	region	+	316	0
ND169	531	1651	NDgene	region	+	317	0
ND169	531	1651	NDgene	region	+	318	0
ND169	531	1651	NDgene	region	+	319	0
ND169	531	1651	NDgene	region	+	320	0
ND169	531	1651	NDgene	region	+	321	0
ND169	531	1651	NDgene	region	+	322	0
ND169	531	1651	NDgene	region	+	323	0
ND169	531	1651	NDgene	region	+	324	0
ND169	531	1651	NDgene	region	+	325	0
ND169	531	1651	NDgene	region	+	326	0
ND169	531	1651	NDgene	region	+	327	0
ND169	531	1651	NDgene	region	+	328	0
ND169	531	1651	NDgene	region	+	329	0
ND169	531	1651	NDgene	region	+	330	0
ND169	531	1651	NDgene	region	+	331	0
ND169	531	1651	NDgene	region	+	332	0
ND169	531	1651	NDgene	region	+	333	0
ND169	531	1651	NDgene	region	+	334	0
ND169	531	1651	NDgene	region	+	335	0
ND169	531	1651	NDgene	region	+	336	0
ND169	531	1651	NDgene	region	+	337	0
ND169	531	1651	NDgene	region	+	338	0
ND169	531	1651	NDgene	region	+	339	0
ND169	531	1651	NDgene	region	+	340	0
ND169	531	1651	NDgene	region	+	341	0
ND169	531	1651	NDgene	region	+	342	0
ND169	531	1651	NDgene	region	+	343	0
ND169	531	1651	NDgene	region	+	344	0
ND169	531	1651	NDgene	region	+	345	0
ND169	531	1651	NDgene	region	+	346	0
ND169	531	1651	NDgene	region	+	347	0
ND169	531	1651	NDgene	region	+	348	0
ND169	531	1651	NDgene	region	+	349	1
ND169	531	1651	NDgene	region	+	350	1
ND169	531	1651	NDgene	region	+	351	1
ND169	531	1651	NDgene	region	+	352	1
ND169	531	1651	NDgene	region	+	353	1
ND169	531	1651	NDgene	region	+	354	1
ND169	531	1651	NDgene	region	+	355	1
ND169	531	1651	NDgene	region	+	356	2
ND169	531	1651	NDgene	region	+	357	3
ND169	531	1651	NDgene	region	+	358	4
ND169	531	1651	NDgene	region	+	359	4
ND169	531	1651	NDgene	region	+	360	5
ND169	531	1651	NDgene	region	+	361	5
ND169	531	1651	NDgene	region	+	362	5
ND169	531	1651	NDgene	region	+	363	5
ND169	531	1651	NDgene	region	+	364	11
ND169	531	1651	NDgene	region	+	365	11
ND169	531	1651	NDgene	region	+	366	11
ND169	531	1651	NDgene	region	+	367	15
ND169	531	1651	NDgene	region	+	368	15
ND169	531	1651	NDgene	region	+	369	29
ND169	531	1651	NDgene	region	+	370	31
ND169	531	1651	NDgene	region	+	371	33
ND169	531	1651	NDgene	region	+	372	38
ND169	531	1651	NDgene	region	+	373	38
ND169	531	1651	NDgene	region	+	374	38
ND169	531	1651	NDgene	region	+	375	39
ND169	531	1651	NDgene	region	+	376	39
ND169	531	1651	NDgene	region	+	377	39
ND169	531	1651	NDgene	region	+	378	39
ND169	531	1651	NDgene	region	+	379	38
ND169	531	1651	NDgene	region	+	380	37
ND169	531	1651	NDgene	region	+	381	36
ND169	531	1651	NDgene	region	+	382	36
ND169	531	1651	NDgene	region	+	383	36
ND169	531	1651	NDgene	region	+	384	36
ND169	531	1651	NDgene	region	+	385	37
ND169	531	1651	NDgene	region	+	386	37
ND169	531	1651	NDgene	region	+	387	31
ND169	531	1651	NDgene	region	+	388	31
ND169	531	1651	NDgene	region	+	389	30
ND169	531	1651	NDgene	region	+	390	28
ND169	531	1651	NDgene	region	+	391	28
ND169	531	1651	NDgene	region	+	392	14
ND169	531	1651	NDgene	region	+	393	12
ND169	531	1651	NDgene	region	+	394	10
ND169	531	1651	NDgene	region	+	395	6
ND169	531	1651	NDgene	region	+	396	5
ND169	531	1651	NDgene	region	+	397	5
ND169	531	1651	NDgene	region	+	398	4
ND169	531	1651	NDgene	region	+	399	4
ND169	531	1651	NDgene	region	+	400	4
ND169	531	1651	NDgene	region	+	401	4
ND169	531	1651	NDgene	region	+	402	4
ND169	531	1651	NDgene	region	+	403	4
ND169	531	1651	NDgene	region	+	404	4
ND169	531	1651	NDgene	region	+	405	4
ND169	531	1651	NDgene	region	+	406	3
ND169	531	1651	NDgene	region	+	407	3
ND169	531	1651	NDgene	region	+	408	2
ND169	531	1651	NDgene	region	+	409	2
ND169	531	1651	NDgene	region	+	410	2
ND169	531	1651	NDgene	region	+	411	2
ND169	531	1651	NDgene	region	+	412	2
ND169	531	1651	NDgene	region	+	413	1
ND169	531	1651	NDgene	region	+	414	1
ND169	531	1651	NDgene	region	+	415	1
ND169	531	1651	NDgene	region	+	416	0
ND169	531	1651	NDgene	region	+	417	0
ND169	531	1651	NDgene	region	+	418	0
ND169	531	1651	NDgene	region	+	419	0
ND169	531	1651	NDgene	region	+	420	0
ND169	531	1651	NDgene	region	+	421	0
ND169	531	1651	NDgene	region	+	422	1
ND169	531	1651	NDgene	region	+	423	1
ND169	531	1651	NDgene	region	+	424	1
ND169	531	1651	NDgene	region	+	425	1
ND169	531	1651	NDgene	region	+	426	1
ND169	531	1651	NDgene	region	+	427	1
ND169	531	1651	NDgene	region	+	428	1
ND169	531	1651	NDgene	region	+	429	1
ND169	531	1651	NDgene	region	+	430	1
ND169	531	1651	NDgene	region	+	431	1
ND169	531	1651	NDgene	region	+	432	1
ND169	531	1651	NDgene	region	+	433	1
ND169	531	1651	NDgene	region	+	434	1
ND169	531	1651	NDgene	region	+	435	1
ND169	531	1651	NDgene	region	+	436	1
ND169	531	1651	NDgene	region	+	437	1
ND169	531	1651	NDgene	region	+	438	1
ND169	531	1651	NDgene	region	+	439	1
ND169	531	1651	NDgene	region	+	440	3
ND169	531	1651	NDgene	region	+	441	3
ND169	531	1651	NDgene	region	+	442	5
ND169	531	1651	NDgene	region	+	443	5
ND169	531	1651	NDgene	region	+	444	4
ND169	531	1651	NDgene	region	+	445	4
ND169	531	1651	NDgene	region	+	446	4
ND169	531	1651	NDgene	region	+	447	4
ND169	531	1651	NDgene	region	+	448	4
ND169	531	1651	NDgene	region	+	449	4
ND169	531	1651	NDgene	region	+	450	4
ND169	531	1651	NDgene	region	+	451	4
ND169	531	1651	NDgene	region	+	452	4
ND169	531	1651	NDgene	region	+	453	4
ND169	531	1651	NDgene	region	+	454	4
ND169	531	1651	NDgene	region	+	455	4
ND169	531	1651	NDgene	region	+	456	4
ND169	531	1651	NDgene	region	+	457	4
ND169	531	1651	NDgene	region	+	458	4
ND169	531	1651	NDgene	region	+	459	4
ND169	531	1651	NDgene	region	+	460	4
ND169	531	1651	NDgene	region	+	461	4
ND169	531	1651	NDgene	region	+	462	3
ND169	531	1651	NDgene	region	+	463	2
ND169	531	1651	NDgene	region	+	464	2
ND169	531	1651	NDgene	region	+	465	0
ND169	531	1651	NDgene	region	+	466	0
ND169	531	1651	NDgene	region	+	467	0
ND169	531	1651	NDgene	region	+	468	0
ND169	531	1651	NDgene	region	+	469	0
ND169	531	1651	NDgene	region	+	470	0
ND169	531	1651	NDgene	region	+	471	0
ND169	531	1651	NDgene	region	+	472	0
ND169	531	1651	NDgene	region	+	473	0
ND169	531	1651	NDgene	region	+	474	0
ND169	531	1651	NDgene	region	+	475	0
ND169	531	1651	NDgene	region	+	476	0
ND169	531	1651	NDgene	region	+	477	0
ND169	531	1651	NDgene	region	+	478	0
ND169	531	1651	NDgene	region	+	479	0
ND169	531	1651	NDgene	region	+	480	0
ND169	531	1651	NDgene	region	+	481	0
ND169	531	1651	NDgene	region	+	482	0
ND169	531	1651	NDgene	region	+	483	0
ND169	531	1651	NDgene	region	+	484	0
ND169	531	1651	NDgene	region	+	485	0
ND169	531	1651	NDgene	region	+	486	0
ND169	531	1651	NDgene	region	+	487	0
ND169	531	1651	NDgene	region	+	488	0
ND169	531	1651	NDgene	region	+	489	0
ND169	531	1651	NDgene	region	+	490	0
ND169	531	1651	NDgene	region	+	491	0
ND169	531	1651	NDgene	region	+	492	0
ND169	531	1651	NDgene	region	+	493	0
ND169	531	1651	NDgene	region	+	494	0
ND169	531	1651	NDgene	region	+	495	0
ND169	531	1651	NDgene	region	+	496	0
ND169	531	1651	NDgene	region	+	497	0
ND169	531	1651	NDgene	region	+	498	0
ND169	531	1651	NDgene	region	+	499	0
ND169	531	1651	NDgene	region	+	500	0
ND169	531	1651	NDgene	region	+	501	0
ND169	531	1651	NDgene	region	+	502	0
ND169	531	1651	NDgene	region	+	503	0
ND169	531	1651	NDgene	region	+	504	0
ND169	531	1651	NDgene	region	+	505	0
ND169	531	1651	NDgene	region	+	506	0
ND169	531	1651	NDgene	region	+	507	2
ND169	531	1651	NDgene	region	+	508	2
ND169	531	1651	NDgene	region	+	509	2
ND169	531	1651	NDgene	region	+	510	2
ND169	531	1651	NDgene	region	+	511	2
ND169	531	1651	NDgene	region	+	512	2
ND169	531	1651	NDgene	region	+	513	2
ND169	531	1651	NDgene	region	+	514	2
ND169	531	1651	NDgene	region	+	515	2
ND169	531	1651	NDgene	region	+	516	2
ND169	531	1651	NDgene	region	+	517	2
ND169	531	1651	NDgene	region	+	518	2
ND169	531	1651	NDgene	region	+	519	2
ND169	531	1651	NDgene	region	+	520	2
ND169	531	1651	NDgene	region	+	521	2
ND169	531	1651	NDgene	region	+	522	2
ND169	531	1651	NDgene	region	+	523	2
ND169	531	1651	NDgene	region	+	524	2
ND169	531	1651	NDgene	region	+	525	2
ND169	531	1651	NDgene	region	+	526	2
ND169	531	1651	NDgene	region	+	527	3
ND169	531	1651	NDgene	region	+	528	4
ND169	531	1651	NDgene	region	+	529	2
ND169	531	1651	NDgene	region	+	530	2
ND169	531	1651	NDgene	region	+	531	2
ND169	531	1651	NDgene	region	+	532	2
ND169	531	1651	NDgene	region	+	533	2
ND169	531	1651	NDgene	region	+	534	2
ND169	531	1651	NDgene	region	+	535	2
ND169	531	1651	NDgene	region	+	536	2
ND169	531	1651	NDgene	region	+	537	5
ND169	531	1651	NDgene	region	+	538	5
ND169	531	1651	NDgene	region	+	539	7
ND169	531	1651	NDgene	region	+	540	7
ND169	531	1651	NDgene	region	+	541	7
ND169	531	1651	NDgene	region	+	542	7
ND169	531	1651	NDgene	region	+	543	7
ND169	531	1651	NDgene	region	+	544	7
ND169	531	1651	NDgene	region	+	545	7
ND169	531	1651	NDgene	region	+	546	7
ND169	531	1651	NDgene	region	+	547	7
ND169	531	1651	NDgene	region	+	548	7
ND169	531	1651	NDgene	region	+	549	7
ND169	531	1651	NDgene	region	+	550	6
ND169	531	1651	NDgene	region	+	551	5
ND169	531	1651	NDgene	region	+	552	5
ND169	531	1651	NDgene	region	+	553	7
ND169	531	1651	NDgene	region	+	554	7
ND169	531	1651	NDgene	region	+	555	7
ND169	531	1651	NDgene	region	+	556	7
ND169	531	1651	NDgene	region	+	557	7
ND169	531	1651	NDgene	region	+	558	7
ND169	531	1651	NDgene	region	+	559	7
ND169	531	1651	NDgene	region	+	560	4
ND169	531	1651	NDgene	region	+	561	3
ND169	531	1651	NDgene	region	+	562	3
ND169	531	1651	NDgene	region	+	563	2
ND169	531	1651	NDgene	region	+	564	2
ND169	531	1651	NDgene	region	+	565	2
ND169	531	1651	NDgene	region	+	566	2
ND169	531	1651	NDgene	region	+	567	2
ND169	531	1651	NDgene	region	+	568	2
ND169	531	1651	NDgene	region	+	569	2
ND169	531	1651	NDgene	region	+	570	2
ND169	531	1651	NDgene	region	+	571	2
ND169	531	1651	NDgene	region	+	572	2
ND169	531	1651	NDgene	region	+	573	2
ND169	531	1651	NDgene	region	+	574	2
ND169	531	1651	NDgene	region	+	575	1
ND169	531	1651	NDgene	region	+	576	0
ND169	531	1651	NDgene	region	+	577	0
ND169	531	1651	NDgene	region	+	578	0
ND169	531	1651	NDgene	region	+	579	0
ND169	531	1651	NDgene	region	+	580	0
ND169	531	1651	NDgene	region	+	581	0
ND169	531	1651	NDgene	region	+	582	1
ND169	531	1651	NDgene	region	+	583	1
ND169	531	1651	NDgene	region	+	584	2
ND169	531	1651	NDgene	region	+	585	2
ND169	531	1651	NDgene	region	+	586	2
ND169	531	1651	NDgene	region	+	587	2
ND169	531	1651	NDgene	region	+	588	2
ND169	531	1651	NDgene	region	+	589	2
ND169	531	1651	NDgene	region	+	590	2
ND169	531	1651	NDgene	region	+	591	2
ND169	531	1651	NDgene	region	+	592	2
ND169	531	1651	NDgene	region	+	593	2
ND169	531	1651	NDgene	region	+	594	3
ND169	531	1651	NDgene	region	+	595	3
ND169	531	1651	NDgene	region	+	596	4
ND169	531	1651	NDgene	region	+	597	4
ND169	531	1651	NDgene	region	+	598	4
ND169	531	1651	NDgene	region	+	599	5
ND169	531	1651	NDgene	region	+	600	5
ND169	531	1651	NDgene	region	+	601	5
ND169	531	1651	NDgene	region	+	602	5
ND169	531	1651	NDgene	region	+	603	5
ND169	531	1651	NDgene	region	+	604	5
ND169	531	1651	NDgene	region	+	605	4
ND169	531	1651	NDgene	region	+	606	5
ND169	531	1651	NDgene	region	+	607	4
ND169	531	1651	NDgene	region	+	608	4
ND169	531	1651	NDgene	region	+	609	4
ND169	531	1651	NDgene	region	+	610	4
ND169	531	1651	NDgene	region	+	611	4
ND169	531	1651	NDgene	region	+	612	4
ND169	531	1651	NDgene	region	+	613	4
ND169	531	1651	NDgene	region	+	614	4
ND169	531	1651	NDgene	region	+	615	4
ND169	531	1651	NDgene	region	+	616	4
ND169	531	1651	NDgene	region	+	617	3
ND169	531	1651	NDgene	region	+	618	3
ND169	531	1651	NDgene	region	+	619	2
ND169	531	1651	NDgene	region	+	620	2
ND169	531	1651	NDgene	region	+	621	2
ND169	531	1651	NDgene	region	+	622	2
ND169	531	1651	NDgene	region	+	623	2
ND169	531	1651	NDgene	region	+	624	2
ND169	531	1651	NDgene	region	+	625	2
ND169	531	1651	NDgene	region	+	626	2
ND169	531	1651	NDgene	region	+	627	2
ND169	531	1651	NDgene	region	+	628	1
ND169	531	1651	NDgene	region	+	629	1
ND169	531	1651	NDgene	region	+	630	1
ND169	531	1651	NDgene	region	+	631	1
ND169	531	1651	NDgene	region	+	632	1
ND169	531	1651	NDgene	region	+	633	1
ND169	531	1651	NDgene	region	+	634	1
ND169	531	1651	NDgene	region	+	635	1
ND169	531	1651	NDgene	region	+	636	1
ND169	531	1651	NDgene	region	+	637	1
ND169	531	1651	NDgene	region	+	638	1
ND169	531	1651	NDgene	region	+	639	1
ND169	531	1651	NDgene	region	+	640	1
ND169	531	1651	NDgene	region	+	641	1
ND169	531	1651	NDgene	region	+	642	1
ND169	531	1651	NDgene	region	+	643	1
ND169	531	1651	NDgene	region	+	644	1
ND169	531	1651	NDgene	region	+	645	0
ND169	531	1651	NDgene	region	+	646	0
ND169	531	1651	NDgene	region	+	647	1
ND169	531	1651	NDgene	region	+	648	1
ND169	531	1651	NDgene	region	+	649	1
ND169	531	1651	NDgene	region	+	650	1
ND169	531	1651	NDgene	region	+	651	1
ND169	531	1651	NDgene	region	+	652	1
ND169	531	1651	NDgene	region	+	653	1
ND169	531	1651	NDgene	region	+	654	1
ND169	531	1651	NDgene	region	+	655	1
ND169	531	1651	NDgene	region	+	656	1
ND169	531	1651	NDgene	region	+	657	1
ND169	531	1651	NDgene	region	+	658	1
ND169	531	1651	NDgene	region	+	659	1
ND169	531	1651	NDgene	region	+	660	1
ND169	531	1651	NDgene	region	+	661	1
ND169	531	1651	NDgene	region	+	662	1
ND169	531	1651	NDgene	region	+	663	1
ND169	531	1651	NDgene	region	+	664	1
ND169	531	1651	NDgene	region	+	665	1
ND169	531	1651	NDgene	region	+	666	1
ND169	531	1651	NDgene	region	+	667	1
ND169	531	1651	NDgene	region	+	668	1
ND169	531	1651	NDgene	region	+	669	0
ND169	531	1651	NDgene	region	+	670	0
ND169	531	1651	NDgene	region	+	671	0
ND169	531	1651	NDgene	region	+	672	0
ND169	531	1651	NDgene	region	+	673	0
ND169	531	1651	NDgene	region	+	674	0
ND169	531	1651	NDgene	region	+	675	0
ND169	531	1651	NDgene	region	+	676	0
ND169	531	1651	NDgene	region	+	677	0
ND169	531	1651	NDgene	region	+	678	0
ND169	531	1651	NDgene	region	+	679	0
ND169	531	1651	NDgene	region	+	680	0
ND169	531	1651	NDgene	region	+	681	1
ND169	531	1651	NDgene	region	+	682	1
ND169	531	1651	NDgene	region	+	683	1
ND169	531	1651	NDgene	region	+	684	1
ND169	531	1651	NDgene	region	+	685	1
ND169	531	1651	NDgene	region	+	686	1
ND169	531	1651	NDgene	region	+	687	1
ND169	531	1651	NDgene	region	+	688	1
ND169	531	1651	NDgene	region	+	689	1
ND169	531	1651	NDgene	region	+	690	1
ND169	531	1651	NDgene	region	+	691	1
ND169	531	1651	NDgene	region	+	692	1
ND169	531	1651	NDgene	region	+	693	1
ND169	531	1651	NDgene	region	+	694	1
ND169	531	1651	NDgene	region	+	695	1
ND169	531	1651	NDgene	region	+	696	1
ND169	531	1651	NDgene	region	+	697	1
ND169	531	1651	NDgene	region	+	698	1
ND169	531	1651	NDgene	region	+	699	1
ND169	531	1651	NDgene	region	+	700	1
ND169	531	1651	NDgene	region	+	701	1
ND169	531	1651	NDgene	region	+	702	1
ND169	531	1651	NDgene	region	+	703	1
ND169	531	1651	NDgene	region	+	704	0
ND169	531	1651	NDgene	region	+	705	0
ND169	531	1651	NDgene	region	+	706	0
ND169	531	1651	NDgene	region	+	707	0
ND169	531	1651	NDgene	region	+	708	0
ND169	531	1651	NDgene	region	+	709	0
ND169	531	1651	NDgene	region	+	710	0
ND169	531	1651	NDgene	region	+	711	0
ND169	531	1651	NDgene	region	+	712	0
ND169	531	1651	NDgene	region	+	713	0
ND169	531	1651	NDgene	region	+	714	0
ND169	531	1651	NDgene	region	+	715	0
ND169	531	1651	NDgene	region	+	716	0
ND169	531	1651	NDgene	region	+	717	0
ND169	531	1651	NDgene	region	+	718	0
ND169	531	1651	NDgene	region	+	719	1
ND169	531	1651	NDgene	region	+	720	1
ND169	531	1651	NDgene	region	+	721	1
ND169	531	1651	NDgene	region	+	722	1
ND169	531	1651	NDgene	region	+	723	1
ND169	531	1651	NDgene	region	+	724	1
ND169	531	1651	NDgene	region	+	725	1
ND169	531	1651	NDgene	region	+	726	1
ND169	531	1651	NDgene	region	+	727	1
ND169	531	1651	NDgene	region	+	728	1
ND169	531	1651	NDgene	region	+	729	1
ND169	531	1651	NDgene	region	+	730	1
ND169	531	1651	NDgene	region	+	731	1
ND169	531	1651	NDgene	region	+	732	1
ND169	531	1651	NDgene	region	+	733	1
ND169	531	1651	NDgene	region	+	734	1
ND169	531	1651	NDgene	region	+	735	1
ND169	531	1651	NDgene	region	+	736	1
ND169	531	1651	NDgene	region	+	737	1
ND169	531	1651	NDgene	region	+	738	1
ND169	531	1651	NDgene	region	+	739	1
ND169	531	1651	NDgene	region	+	740	1
ND169	531	1651	NDgene	region	+	741	1
ND169	531	1651	NDgene	region	+	742	0
ND169	531	1651	NDgene	region	+	743	0
ND169	531	1651	NDgene	region	+	744	0
ND169	531	1651	NDgene	region	+	745	1
ND169	531	1651	NDgene	region	+	746	1
ND169	531	1651	NDgene	region	+	747	1
ND169	531	1651	NDgene	region	+	748	1
ND169	531	1651	NDgene	region	+	749	1
ND169	531	1651	NDgene	region	+	750	1
ND169	531	1651	NDgene	region	+	751	1
ND169	531	1651	NDgene	region	+	752	1
ND169	531	1651	NDgene	region	+	753	1
ND169	531	1651	NDgene	region	+	754	1
ND169	531	1651	NDgene	region	+	755	1
ND169	531	1651	NDgene	region	+	756	1
ND169	531	1651	NDgene	region	+	757	1
ND169	531	1651	NDgene	region	+	758	1
ND169	531	1651	NDgene	region	+	759	2
ND169	531	1651	NDgene	region	+	760	2
ND169	531	1651	NDgene	region	+	761	2
ND169	531	1651	NDgene	region	+	762	3
ND169	531	1651	NDgene	region	+	763	3
ND169	531	1651	NDgene	region	+	764	3
ND169	531	1651	NDgene	region	+	765	3
ND169	531	1651	NDgene	region	+	766	4
ND169	531	1651	NDgene	region	+	767	4
ND169	531	1651	NDgene	region	+	768	3
ND169	531	1651	NDgene	region	+	769	6
ND169	531	1651	NDgene	region	+	770	6
ND169	531	1651	NDgene	region	+	771	6
ND169	531	1651	NDgene	region	+	772	10
ND169	531	1651	NDgene	region	+	773	10
ND169	531	1651	NDgene	region	+	774	10
ND169	531	1651	NDgene	region	+	775	10
ND169	531	1651	NDgene	region	+	776	10
ND169	531	1651	NDgene	region	+	777	10
ND169	531	1651	NDgene	region	+	778	10
ND169	531	1651	NDgene	region	+	779	10
ND169	531	1651	NDgene	region	+	780	10
ND169	531	1651	NDgene	region	+	781	10
ND169	531	1651	NDgene	region	+	782	9
ND169	531	1651	NDgene	region	+	783	9
ND169	531	1651	NDgene	region	+	784	9
ND169	531	1651	NDgene	region	+	785	8
ND169	531	1651	NDgene	region	+	786	8
ND169	531	1651	NDgene	region	+	787	8
ND169	531	1651	NDgene	region	+	788	8
ND169	531	1651	NDgene	region	+	789	7
ND169	531	1651	NDgene	region	+	790	7
ND169	531	1651	NDgene	region	+	791	7
ND169	531	1651	NDgene	region	+	792	5
ND169	531	1651	NDgene	region	+	793	4
ND169	531	1651	NDgene	region	+	794	2
ND169	531	1651	NDgene	region	+	795	0
ND169	531	1651	NDgene	region	+	796	0
ND169	531	1651	NDgene	region	+	797	0
ND169	531	1651	NDgene	region	+	798	0
ND169	531	1651	NDgene	region	+	799	0
ND169	531	1651	NDgene	region	+	800	0
ND169	531	1651	NDgene	region	+	801	0
ND169	531	1651	NDgene	region	+	802	0
ND169	531	1651	NDgene	region	+	803	0
ND169	531	1651	NDgene	region	+	804	0
ND169	531	1651	NDgene	region	+	805	0
ND169	531	1651	NDgene	region	+	806	0
ND169	531	1651	NDgene	region	+	807	0
ND169	531	1651	NDgene	region	+	808	0
ND169	531	1651	NDgene	region	+	809	0
ND169	531	1651	NDgene	region	+	810	0
ND169	531	1651	NDgene	region	+	811	0
ND169	531	1651	NDgene	region	+	812	0
ND169	531	1651	NDgene	region	+	813	0
ND169	531	1651	NDgene	region	+	814	0
ND169	531	1651	NDgene	region	+	815	0
ND169	531	1651	NDgene	region	+	816	0
ND169	531	1651	NDgene	region	+	817	0
ND169	531	1651	NDgene	region	+	818	0
ND169	531	1651	NDgene	region	+	819	0
ND169	531	1651	NDgene	region	+	820	0
ND169	531	1651	NDgene	region	+	821	0
ND169	531	1651	NDgene	region	+	822	0
ND169	531	1651	NDgene	region	+	823	0
ND169	531	1651	NDgene	region	+	824	0
ND169	531	1651	NDgene	region	+	825	0
ND169	531	1651	NDgene	region	+	826	0
ND169	531	1651	NDgene	region	+	827	0
ND169	531	1651	NDgene	region	+	828	3
ND169	531	1651	NDgene	region	+	829	4
ND169	531	1651	NDgene	region	+	830	4
ND169	531	1651	NDgene	region	+	831	4
ND169	531	1651	NDgene	region	+	832	4
ND169	531	1651	NDgene	region	+	833	4
ND169	531	1651	NDgene	region	+	834	4
ND169	531	1651	NDgene	region	+	835	4
ND169	531	1651	NDgene	region	+	836	4
ND169	531	1651	NDgene	region	+	837	4
ND169	531	1651	NDgene	region	+	838	4
ND169	531	1651	NDgene	region	+	839	4
ND169	531	1651	NDgene	region	+	840	4
ND169	531	1651	NDgene	region	+	841	4
ND169	531	1651	NDgene	region	+	842	4
ND169	531	1651	NDgene	region	+	843	4
ND169	531	1651	NDgene	region	+	844	4
ND169	531	1651	NDgene	region	+	845	4
ND169	531	1651	NDgene	region	+	846	4
ND169	531	1651	NDgene	region	+	847	4
ND169	531	1651	NDgene	region	+	848	4
ND169	531	1651	NDgene	region	+	849	4
ND169	531	1651	NDgene	region	+	850	4
ND169	531	1651	NDgene	region	+	851	1
ND169	531	1651	NDgene	region	+	852	0
ND169	531	1651	NDgene	region	+	853	0
ND169	531	1651	NDgene	region	+	854	0
ND169	531	1651	NDgene	region	+	855	0
ND169	531	1651	NDgene	region	+	856	0
ND169	531	1651	NDgene	region	+	857	0
ND169	531	1651	NDgene	region	+	858	0
ND169	531	1651	NDgene	region	+	859	0
ND169	531	1651	NDgene	region	+	860	0
ND169	531	1651	NDgene	region	+	861	0
ND169	531	1651	NDgene	region	+	862	0
ND169	531	1651	NDgene	region	+	863	0
ND169	531	1651	NDgene	region	+	864	0
ND169	531	1651	NDgene	region	+	865	0
ND169	531	1651	NDgene	region	+	866	0
ND169	531	1651	NDgene	region	+	867	0
ND169	531	1651	NDgene	region	+	868	0
ND169	531	1651	NDgene	region	+	869	0
ND169	531	1651	NDgene	region	+	870	0
ND169	531	1651	NDgene	region	+	871	0
ND169	531	1651	NDgene	region	+	872	0
ND169	531	1651	NDgene	region	+	873	0
ND169	531	1651	NDgene	region	+	874	0
ND169	531	1651	NDgene	region	+	875	0
ND169	531	1651	NDgene	region	+	876	0
ND169	531	1651	NDgene	region	+	877	0
ND169	531	1651	NDgene	region	+	878	0
ND169	531	1651	NDgene	region	+	879	0
ND169	531	1651	NDgene	region	+	880	0
ND169	531	1651	NDgene	region	+	881	0
ND169	531	1651	NDgene	region	+	882	0
ND169	531	1651	NDgene	region	+	883	0
ND169	531	1651	NDgene	region	+	884	0
ND169	531	1651	NDgene	region	+	885	0
ND169	531	1651	NDgene	region	+	886	0
ND169	531	1651	NDgene	region	+	887	0
ND169	531	1651	NDgene	region	+	888	0
ND169	531	1651	NDgene	region	+	889	0
ND169	531	1651	NDgene	region	+	890	0
ND169	531	1651	NDgene	region	+	891	0
ND169	531	1651	NDgene	region	+	892	0
ND169	531	1651	NDgene	region	+	893	0
ND169	531	1651	NDgene	region	+	894	0
ND169	531	1651	NDgene	region	+	895	0
ND169	531	1651	NDgene	region	+	896	0
ND169	531	1651	NDgene	region	+	897	0
ND169	531	1651	NDgene	region	+	898	0
ND169	531	1651	NDgene	region	+	899	0
ND169	531	1651	NDgene	region	+	900	0
ND169	531	1651	NDgene	region	+	901	0
ND169	531	1651	NDgene	region	+	902	0
ND169	531	1651	NDgene	region	+	903	0
ND169	531	1651	NDgene	region	+	904	0
ND169	531	1651	NDgene	region	+	905	0
ND169	531	1651	NDgene	region	+	906	0
ND169	531	1651	NDgene	region	+	907	0
ND169	531	1651	NDgene	region	+	908	0
ND169	531	1651	NDgene	region	+	909	0
ND169	531	1651	NDgene	region	+	910	0
ND169	531	1651	NDgene	region	+	911	0
ND169	531	1651	NDgene	region	+	912	0
ND169	531	1651	NDgene	region	+	913	0
ND169	531	1651	NDgene	region	+	914	0
ND169	531	1651	NDgene	region	+	915	0
ND169	531	1651	NDgene	region	+	916	0
ND169	531	1651	NDgene	region	+	917	0
ND169	531	1651	NDgene	region	+	918	0
ND169	531	1651	NDgene	region	+	919	0
ND169	531	1651	NDgene	region	+	920	0
ND169	531	1651	NDgene	region	+	921	0
ND169	531	1651	NDgene	region	+	922	0
ND169	531	1651	NDgene	region	+	923	0
ND169	531	1651	NDgene	region	+	924	0
ND169	531	1651	NDgene	region	+	925	0
ND169	531	1651	NDgene	region	+	926	0
ND169	531	1651	NDgene	region	+	927	0
ND169	531	1651	NDgene	region	+	928	0
ND169	531	1651	NDgene	region	+	929	0
ND169	531	1651	NDgene	region	+	930	0
ND169	531	1651	NDgene	region	+	931	0
ND169	531	1651	NDgene	region	+	932	0
ND169	531	1651	NDgene	region	+	933	0
ND169	531	1651	NDgene	region	+	934	0
ND169	531	1651	NDgene	region	+	935	0
ND169	531	1651	NDgene	region	+	936	0
ND169	531	1651	NDgene	region	+	937	0
ND169	531	1651	NDgene	region	+	938	0
ND169	531	1651	NDgene	region	+	939	0
ND169	531	1651	NDgene	region	+	940	0
ND169	531	1651	NDgene	region	+	941	0
ND169	531	1651	NDgene	region	+	942	0
ND169	531	1651	NDgene	region	+	943	0
ND169	531	1651	NDgene	region	+	944	0
ND169	531	1651	NDgene	region	+	945	0
ND169	531	1651	NDgene	region	+	946	0
ND169	531	1651	NDgene	region	+	947	0
ND169	531	1651	NDgene	region	+	948	0
ND169	531	1651	NDgene	region	+	949	0
ND169	531	1651	NDgene	region	+	950	0
ND169	531	1651	NDgene	region	+	951	0
ND169	531	1651	NDgene	region	+	952	0
ND169	531	1651	NDgene	region	+	953	0
ND169	531	1651	NDgene	region	+	954	0
ND169	531	1651	NDgene	region	+	955	0
ND169	531	1651	NDgene	region	+	956	0
ND169	531	1651	NDgene	region	+	957	0
ND169	531	1651	NDgene	region	+	958	0
ND169	531	1651	NDgene	region	+	959	0
ND169	531	1651	NDgene	region	+	960	0
ND169	531	1651	NDgene	region	+	961	0
ND169	531	1651	NDgene	region	+	962	0
ND169	531	1651	NDgene	region	+	963	0
ND169	531	1651	NDgene	region	+	964	1
ND169	531	1651	NDgene	region	+	965	1
ND169	531	1651	NDgene	region	+	966	1
ND169	531	1651	NDgene	region	+	967	2
ND169	531	1651	NDgene	region	+	968	2
ND169	531	1651	NDgene	region	+	969	2
ND169	531	1651	NDgene	region	+	970	2
ND169	531	1651	NDgene	region	+	971	2
ND169	531	1651	NDgene	region	+	972	2
ND169	531	1651	NDgene	region	+	973	2
ND169	531	1651	NDgene	region	+	974	2
ND169	531	1651	NDgene	region	+	975	2
ND169	531	1651	NDgene	region	+	976	2
ND169	531	1651	NDgene	region	+	977	2
ND169	531	1651	NDgene	region	+	978	2
ND169	531	1651	NDgene	region	+	979	2
ND169	531	1651	NDgene	region	+	980	2
ND169	531	1651	NDgene	region	+	981	2
ND169	531	1651	NDgene	region	+	982	2
ND169	531	1651	NDgene	region	+	983	2
ND169	531	1651	NDgene	region	+	984	2
ND169	531	1651	NDgene	region	+	985	2
ND169	531	1651	NDgene	region	+	986	2
ND169	531	1651	NDgene	region	+	987	1
ND169	531	1651	NDgene	region	+	988	1
ND169	531	1651	NDgene	region	+	989	1
ND169	531	1651	NDgene	region	+	990	0
ND169	531	1651	NDgene	region	+	991	0
ND169	531	1651	NDgene	region	+	992	0
ND169	531	1651	NDgene	region	+	993	0
ND169	531	1651	NDgene	region	+	994	0
ND169	531	1651	NDgene	region	+	995	0
ND169	531	1651	NDgene	region	+	996	0
ND169	531	1651	NDgene	region	+	997	0
ND169	531	1651	NDgene	region	+	998	0
ND169	531	1651	NDgene	region	+	999	0
ND169	531	1651	NDgene	region	+	1000	1
ND169	531	1651	NDgene	region	+	1001	1
ND169	531	1651	NDgene	region	+	1002	1
ND169	531	1651	NDgene	region	+	1003	1
ND169	531	1651	NDgene	region	+	1004	1
ND169	531	1651	NDgene	region	+	1005	1
ND169	531	1651	NDgene	region	+	1006	1
ND169	531	1651	NDgene	region	+	1007	1
ND169	531	1651	NDgene	region	+	1008	1
ND169	531	1651	NDgene	region	+	1009	1
ND169	531	1651	NDgene	region	+	1010	1
ND169	531	1651	NDgene	region	+	1011	1
ND169	531	1651	NDgene	region	+	1012	1
ND169	531	1651	NDgene	region	+	1013	1
ND169	531	1651	NDgene	region	+	1014	2
ND169	531	1651	NDgene	region	+	1015	2
ND169	531	1651	NDgene	region	+	1016	2
ND169	531	1651	NDgene	region	+	1017	3
ND169	531	1651	NDgene	region	+	1018	3
ND169	531	1651	NDgene	region	+	1019	3
ND169	531	1651	NDgene	region	+	1020	3
ND169	531	1651	NDgene	region	+	1021	3
ND169	531	1651	NDgene	region	+	1022	3
ND169	531	1651	NDgene	region	+	1023	2
ND169	531	1651	NDgene	region	+	1024	2
ND169	531	1651	NDgene	region	+	1025	2
ND169	531	1651	NDgene	region	+	1026	2
ND169	531	1651	NDgene	region	+	1027	2
ND169	531	1651	NDgene	region	+	1028	2
ND169	531	1651	NDgene	region	+	1029	2
ND169	531	1651	NDgene	region	+	1030	2
ND169	531	1651	NDgene	region	+	1031	2
ND169	531	1651	NDgene	region	+	1032	2
ND169	531	1651	NDgene	region	+	1033	2
ND169	531	1651	NDgene	region	+	1034	2
ND169	531	1651	NDgene	region	+	1035	2
ND169	531	1651	NDgene	region	+	1036	2
ND169	531	1651	NDgene	region	+	1037	1
ND169	531	1651	NDgene	region	+	1038	1
ND169	531	1651	NDgene	region	+	1039	1
ND169	531	1651	NDgene	region	+	1040	0
ND169	531	1651	NDgene	region	+	1041	0
ND169	531	1651	NDgene	region	+	1042	0
ND169	531	1651	NDgene	region	+	1043	0
ND169	531	1651	NDgene	region	+	1044	0
ND169	531	1651	NDgene	region	+	1045	0
ND169	531	1651	NDgene	region	+	1046	0
ND169	531	1651	NDgene	region	+	1047	0
ND169	531	1651	NDgene	region	+	1048	1
ND169	531	1651	NDgene	region	+	1049	1
ND169	531	1651	NDgene	region	+	1050	1
ND169	531	1651	NDgene	region	+	1051	1
ND169	531	1651	NDgene	region	+	1052	1
ND169	531	1651	NDgene	region	+	1053	1
ND169	531	1651	NDgene	region	+	1054	1
ND169	531	1651	NDgene	region	+	1055	1
ND169	531	1651	NDgene	region	+	1056	1
ND169	531	1651	NDgene	region	+	1057	1
ND169	531	1651	NDgene	region	+	1058	1
ND169	531	1651	NDgene	region	+	1059	1
ND169	531	1651	NDgene	region	+	1060	1
ND169	531	1651	NDgene	region	+	1061	1
ND169	531	1651	NDgene	region	+	1062	1
ND169	531	1651	NDgene	region	+	1063	1
ND169	531	1651	NDgene	region	+	1064	1
ND169	531	1651	NDgene	region	+	1065	1
ND169	531	1651	NDgene	region	+	1066	1
ND169	531	1651	NDgene	region	+	1067	1
ND169	531	1651	NDgene	region	+	1068	1
ND169	531	1651	NDgene	region	+	1069	3
ND169	531	1651	NDgene	region	+	1070	3
ND169	531	1651	NDgene	region	+	1071	3
ND169	531	1651	NDgene	region	+	1072	3
ND169	531	1651	NDgene	region	+	1073	3
ND169	531	1651	NDgene	region	+	1074	3
ND169	531	1651	NDgene	region	+	1075	4
ND169	531	1651	NDgene	region	+	1076	4
ND169	531	1651	NDgene	region	+	1077	5
ND169	531	1651	NDgene	region	+	1078	5
ND169	531	1651	NDgene	region	+	1079	5
ND169	531	1651	NDgene	region	+	1080	6
ND169	531	1651	NDgene	region	+	1081	6
ND169	531	1651	NDgene	region	+	1082	6
ND169	531	1651	NDgene	region	+	1083	6
ND169	531	1651	NDgene	region	+	1084	6
ND169	531	1651	NDgene	region	+	1085	6
ND169	531	1651	NDgene	region	+	1086	6
ND169	531	1651	NDgene	region	+	1087	7
ND169	531	1651	NDgene	region	+	1088	7
ND169	531	1651	NDgene	region	+	1089	7
ND169	531	1651	NDgene	region	+	1090	7
ND169	531	1651	NDgene	region	+	1091	7
ND169	531	1651	NDgene	region	+	1092	5
ND169	531	1651	NDgene	region	+	1093	5
ND169	531	1651	NDgene	region	+	1094	5
ND169	531	1651	NDgene	region	+	1095	4
ND169	531	1651	NDgene	region	+	1096	4
ND169	531	1651	NDgene	region	+	1097	4
ND169	531	1651	NDgene	region	+	1098	3
ND169	531	1651	NDgene	region	+	1099	4
ND169	531	1651	NDgene	region	+	1100	3
ND169	531	1651	NDgene	region	+	1101	3
ND169	531	1651	NDgene	region	+	1102	3
ND169	531	1651	NDgene	region	+	1103	2
ND169	531	1651	NDgene	region	+	1104	2
ND169	531	1651	NDgene	region	+	1105	2
ND169	531	1651	NDgene	region	+	1106	2
ND169	531	1651	NDgene	region	+	1107	2
ND169	531	1651	NDgene	region	+	1108	2
ND169	531	1651	NDgene	region	+	1109	2
ND169	531	1651	NDgene	region	+	1110	1
ND169	531	1651	NDgene	region	+	1111	1
ND169	531	1651	NDgene	region	+	1112	1
ND169	531	1651	NDgene	region	+	1113	1
ND169	531	1651	NDgene	region	+	1114	1
ND169	531	1651	NDgene	region	+	1115	1
ND169	531	1651	NDgene	region	+	1116	1
ND169	531	1651	NDgene	region	+	1117	1
ND169	531	1651	NDgene	region	+	1118	1
ND169	531	1651	NDgene	region	+	1119	1
ND169	531	1651	NDgene	region	+	1120	1
